Campaign,Keyword,Match Type
Kuddle | Search | Metros,free,Broad
Kuddle | Search | Metros,recipe,Broad
Kuddle | Search | Metros,recipes,Broad
Kuddle | Search | Metros,how to make,Phrase
Kuddle | Search | Metros,homemade,Broad
Kuddle | Search | Metros,jobs,Broad
Kuddle | Search | Metros,job,Broad
Kuddle | Search | Metros,chicken,Broad
Kuddle | Search | Metros,mutton,Broad
Kuddle | Search | Metros,non veg,Phrase
Kuddle | Search | Metros,egg,Broad
Kuddle | Search | Metros,buffet,Broad
Kuddle | Search | Metros,restaurant near me,Phrase
Kuddle | Search | Metros,tiffin service,Phrase
Kuddle | Search | Metros,calories,Broad
Kuddle | Search | Metros,weight loss diet plan,Phrase
Kuddle | Search | Metros,wholesale,Broad
Kuddle | Search | Metros,distributor,Broad
Kuddle | Search | Metros,franchise,Broad
Kuddle | Search | Metros,pdf,Broad
